old,new
...Can I help you.mp3,Can I help you.mp3
...Hi..mp3,Hi.mp3
Alright.mp3,Alright.mp3
Anyway.mp3,Anyway.mp3
Are you doing this on purpose.mp3,Are you doing this on purpose.mp3
At least I don't follow strangers around..mp3,At least I don't follow strangers around.mp3
Back OFF.mp3,Back OFF.mp3
"Bit close, mate.mp3","Bit close, mate.mp3"
"Breathe, Elliot.mp3","Breathe, Elliot.mp3"
"Can you come get me, please.mp3","Can you come get me, please.mp3"
"Come on, reply....mp3","Come on, reply.mp3"
Could you just— back up a bit.mp3,Could you just- back up a bit.mp3
Did you just— did you just hit me.mp3,Did you just- did you just hit me.mp3
Don't touch me.mp3,Don't touch me.mp3
Enjoy your... whatever this is..mp3,Enjoy your whatever this is.mp3
Every time. Every single time.mp3,Every time Every single time.mp3
Get away from me.mp3,Get away from me.mp3
"Have some personal space, yeah.mp3","Have some personal space, yeah.mp3"
"Hey— yeah, it's me. There's this guy, he won't leave me alone..mp3","Hey- yeah, it's me There's this guy, he won't leave me alone.mp3"
Hm Shocked.mp3,Hm Shocked.mp3
Hm.mp3,Hm.mp3
Hm_2.mp3,Hm_2.mp3
Hm_3.mp3,Hm_3.mp3
"I don't know, he just keeps following me..mp3","I don't know, he just keeps following me.mp3"
I literally just moved.mp3,I literally just moved.mp3
I need to- turn- haha.mp3,I need to- turn- haha.mp3
I remember you..mp3,I remember you.mp3
I said leave me ALONE.mp3,I said leave me ALONE.mp3
I'll just... go here.mp3,I'll just go here.mp3
I'm going to go..mp3,I'm going to go.mp3
"I'm going, I'm going..mp3","I'm going, I'm going.mp3"
I'm not doing this.mp3,I'm not doing this.mp3
I'm not even going to say anything.mp3,I'm not even going to say anything.mp3
I'm telling someone about you.mp3,I'm telling someone about you.mp3
I've asked you nicely.mp3,I've asked you nicely.mp3
Is there something on my face.mp3,Is there something on my face.mp3
Last time you hit me..mp3,Last time you hit me.mp3
Long Uhm.mp3,Long Uhm.mp3
Mm-hm.mp3,Mm-hm.mp3
Mm..mp3,Mm.mp3
Mm_2.mp3,Mm_2.mp3
Mm_3-morelikefoodisnice.mp3,Mm_3-morelikefoodisnice.mp3
"My bad— wait, that was you.mp3","My bad- wait, that was you.mp3"
"No, he's still here. He's staring at me right now..mp3","No, he's still here He's staring at me right now.mp3"
Nope. Not doing this.-1.mp3,Nope Not doing this-1.mp3
Nope. Not doing this..mp3,Nope Not doing this.mp3
Nope. Okay..mp3,Nope Okay.mp3
Not today.mp3,Not today.mp3
"Oh, hey. You again. ...Hi..mp3","Oh, hey You again Hi.mp3"
Oh-Hey.mp3,Oh-Hey.mp3
Oh. It's you again.mp3,Oh It's you again.mp3
"Oh— sorry, I've got to take this.mp3","Oh- sorry, I've got to take this.mp3"
"Oh— sorry, didn't see you there.mp3","Oh- sorry, didn't see you there.mp3"
"Oh— sorry, sorry.mp3","Oh- sorry, sorry.mp3"
"Okay, okay— I don't want any trouble.mp3","Okay, okay- I don't want any trouble.mp3"
"Okay, that's... not funny.mp3","Okay, that's not funny.mp3"
Okay. Fine. It's fine..mp3,Okay Fine It's fine.mp3
Okay. Rude..mp3,Okay Rude.mp3
Okay. Thank you.mp3,Okay Thank you.mp3
Okay. You're still looking.mp3,Okay You're still looking.mp3
Ow. Okay. Ow..mp3,Ow Okay Ow.mp3
Ow.mp3,Ow.mp3
Please don't do the thing again..mp3,Please don't do the thing again.mp3
Please don't..mp3,Please don't.mp3
"Please stop staring, it's weird.mp3","Please stop staring, it's weird.mp3"
Right. Bye..mp3,Right Bye.mp3
Right. Cool. Very normal.mp3,Right Cool Very normal.mp3
STOP IT JUST STOP.mp3,STOP IT JUST STOP.mp3
Seen. Great..mp3,Seen Great.mp3
Seriously.mp3,Seriously.mp3
Short-Hm.mp3,Short-Hm.mp3
Sorry about before. I'm just like this..mp3,Sorry about before I'm just like this.mp3
"Sorry, I just-.mp3","Sorry, I just-.mp3"
Sorry. I just don't like people that close..mp3,Sorry I just don't like people that close.mp3
"Thanks for, um... being normal..mp3","Thanks for, um being normal.mp3"
Thanks.mp3,Thanks.mp3
Twelve percent. Brilliant.mp3,Twelve percent Brilliant.mp3
Uhhh.mp3,Uhhh.mp3
Uhhh_2.mp3,Uhhh_2.mp3
Uhhh_3.mp3,Uhhh_3.mp3
Uhm_2.mp3,Uhm_2.mp3
Uhm_3.mp3,Uhm_3.mp3
Uhm_4.mp3,Uhm_4.mp3
Weird day.mp3,Weird day.mp3
What do you want.mp3,What do you want.mp3
What is WRONG with you.mp3,What is WRONG with you.mp3
What was that for.mp3,What was that for.mp3
Where did I put my....mp3,Where did I put my.mp3
Why are you following me.mp3,Why are you following me.mp3
Why are you looking at me like that.mp3,Why are you looking at me like that.mp3
Why did I say that.mp3,Why did I say that.mp3
Why do you keep doing that.mp3,Why do you keep doing that.mp3
"Woah— okay, hi, hello.mp3","Woah- okay, hi, hello.mp3"
Wow. Did you practise that.mp3,Wow Did you practise that.mp3
Yeah Well... your... shoes are stupid.mp3,Yeah Well your shoes are stupid.mp3
"You're alright, actually..mp3","You're alright, actually.mp3"
You're the one who kept staring.mp3,You're the one who kept staring.mp3
"You're, um... really close.mp3","You're, um really close.mp3"
You're... you're a weird guy.mp3,You're you're a weird guy.mp3
exhale-1.mp3,exhale-1.mp3
exhale.mp3,exhale.mp3
exhale_1.mp3,exhale_1.mp3
"humming, 3-4 seconds, off-key.mp3","humming, 3-4 seconds, off-key.mp3"
laugh.mp3,laugh.mp3
nervous laugh-1.mp3,nervous laugh-1.mp3
nervous laugh.mp3,nervous laugh.mp3
nervous laugh_2.mp3,nervous laugh_2.mp3
nervous laugh_3-1.mp3,nervous laugh_3-1.mp3
nervous laugh_3.mp3,nervous laugh_3.mp3
nose-inhale-exhale.mp3,nose-inhale-exhale.mp3
quick Mm..mp3,quick Mm.mp3
quick inhale.mp3,quick inhale.mp3
real laugh.mp3,real laugh.mp3
sharp inhale startled.mp3,sharp inhale startled.mp3
sharp inhale startled_2.mp3,sharp inhale startled_2.mp3
sharp inhale startled_3.mp3,sharp inhale startled_3.mp3
short-laugh.mp3,short-laugh.mp3
small sigh.mp3,small sigh.mp3
throat clear.mp3,throat clear.mp3
throat clear_2.mp3,throat clear_2.mp3
throat clear_3_cough.mp3,throat clear_3_cough.mp3
